Congruent,Incongruent,样本均值差,一致的标准差,不一致的标准差,均值差,总体样本标准差为
12.079,19.278,-7.964791667,3.559357958,4.797057122,-1.237699165,
16.791,18.741,,,,,
9.564,21.214,,,,,
8.63,15.687,,,,,
14.669,22.803,,,,,
12.238,20.878,,,,,
14.692,24.572,,,,,
8.987,17.394,,,,,
9.401,20.762,,,,,
14.48,26.282,,,,,
22.328,24.524,,,,,
15.298,18.644,,,,,
15.073,17.51,,,,,
16.929,20.33,,,,,
18.2,35.255,,,,,
12.13,22.158,,,,,
18.495,25.139,,,,,
10.639,20.429,,,,,
11.344,17.425,,,,,
12.369,34.288,,,,,
12.944,23.894,,,,,
14.233,17.96,,,,,
19.71,22.058,,,,,
16.004,21.157,,,,,
,,,,,,
14.051125,22.01591667,,,,,
